AUTHORS (ABBREVIATED),TITLE,REFERENCE,GenBank,Information,European Nucleotide Archive,FASTQ
"Arencibia,V., Munoz Hidalgo,M., Crespo,C., Maldona",Ancient Human Mitogenome of the Beagle Channel (Tierra del Fuego): An Argentine Collaborative Project,"Lat Am Antiq, 1-14 (2023)",ON422324,,PRJEB58193,1
"Bennett,E.A., Parasayan,O., Prat,S., Pean,S., Crep",Early Upper Paleolithic genomes of Crimea show migration and admixture dynamics of the first modern European ancestries in relation to climatic crisis,Nat Ecol Evol (2023),No Access,,,
"Derenko,M., Denisova,G., Litvinov,A., Dambueva,I. ",Mitogenomics of the Koryaks and Evens of the northern coast of the Sea of Okhotsk,J Hum Genet (2023),No Access,,,
"Fontani,F., Boano,R., Cinti,A., Demarchi,B., Sandr","Bioarchaeological and paleogenomic profiling of the unusual Neolithic burial from Grotta di Pietra Sant'Angelo (Calabria, Italy)","Sci Rep 13 (1), 11978 (2023)",OQ301533,,PRJEB58818,1
"Liao,W.W., Asri,M., Ebler,J., Doerr,D., Haukness,M",A draft human pangenome reference,"Nature 617 (7960), 312-324 (2023)",,,PRJNA850430,0
"Mizuno,F., Taniguchi,Y., Kondo,O., Hayashi,M., Kur",Diversity in matrilineages among the Jomon individuals of Japan,"Ann Hum Biol 50 (1), 324-331 (2023)",LC733702–733705,,,
"Mizuno,F., Tokanai,F., Kumagai,M., Ishiya,K., Sugi",Bioarchaeological study of ancient Teotihuacans based on complete mitochondrial genome sequences and diet isotopes,"Ann Hum Biol 50 (1), 390-398 (2023)",LC726583–LC726588,,,
"Piotrowska-Nowak,A., Safranow,K., Adamczyk,J.G., S",Mitochondrial Genome Variation in Polish Elite Athletes,"Int J Mol Sci 24 (16), 12992 (2023)",,,,
"Zhang,G., Cui,C., Wangdue,S., Lu,H., Chen,H., Xi,L",Maternal genetic history of ancient Tibetans over the past 4000 years,J Genet Genomics (2023),OQ707084-OQ707211,,,
"Basnet,R., Rai,N., Tamang,R., Awasthi,N.P., Pradha",The matrilineal ancestry of Nepali populations,Hum Genet (2022),OM638153-OM638291,,,
"Bodner,M., Amory,C., Olivieri,A., Gandini,F., Card",Helena's Many Daughters: More Mitogenome Diversity behind the Most Common West Eurasian mtDNA Control Region Haplotype in an Extended Italian Population Sample,"Int J Mol Sci 23 (12), 6725 (2022)",ON597628–ON597814,EMPOP:EMP00826,,
"Brook,K.A., Cooper,L.R., Wexler,J.D. and Lipson,J.",(in) THE MATERNAL GENETIC LINEAGES OF ASHKENAZIC JEWS. Academic Studies Press (2022),,Book,,,
"Cardinali,I., Bodner,M., Capodiferro,M.R., Amory,C",Mitochondrial DNA Footprints from Western Eurasia in Modern Mongolia,"Front Genet 12, 819337 (2022)",OL632312-OL634731,EMPOP:EMP00853,,
"Diallo,M.Y., Cizkova,M., Kulichova,I., Podgorna,E.",Circum-Saharan Prehistory through the Lens of mtDNA Diversity,"Genes (Basel) 13 (3), 533 (2022)",OM952925-OM953385,,,
"Fernando,A.S., Wanninayaka,A., Dewage,D., Karunana",The mitochondrial genomes of two Pre-historic Hunter Gatherers in Sri Lanka,J Hum Genet (2022),MZ895064–MZ895065,,PRJNA889366,1
"Figueiro,G., Mut,P., Ale,L., Flores-Gutierrez,S., ",Filogeografia de mitogenomas indigenas de Uruguay,"Rev Argent Antropol Biol 24 (1), 042 (2022)",MW057658-MW057689,,,
"Garcia-Olivares,V., Rubio-Rodriguez,L.A., Munoz-Ba",Digging into the admixture strata of current-day Canary Islanders based on mitogenomes,"iScience, 105907 (2022)",OP681790 - OP682685,,,
"Hippen,M., Zsurka,G., Peeva,V., Machts,J., Schwiec",Novel Pathogenic Sequence Variation m.5789TC Causes NARP Syndrome and Promotes Formation of Deletions of the Mitochondrial Genome,"Neurol Genet 8 (2), e660 (2022)",OM132208,,,
"Katharina,D., Foody,M.G.B., Justeau,P., Silva,M., ",Ancient DNA at the edge of the world: Continental immigration and the persistence of Neolithic lineages in Bronze Age Orkney,Proc Natl Acad Sci U S A 119 (2022),MZ846240-MZ848095,, PRJEB46830,1
"Maier,P.A., Runfeldt,G., Estes,R.J. and Vilar,M.G.","African mitochondrial haplogroup L7: a 100,000-year-old maternal human lineage discovered through reassessment and new sequencing","Sci Rep 12 (1), 10747 (2022)",ON156774–ON156780,,,
"Waku,D., Gakuhari,T., Koganebuchi,K., Yoneda,M., K",Complete mitochondrial genome sequencing reveals double-buried Jomon individuals excavated from the Ikawazu shell-mound site were not in a mother-child relationship,"Anthropol. Sci. 130, 39-45 (2022)",Other Language,,,
"Capodiferro,M.R., Aram,B., Raveane,A., Rambaldi Mi",Archaeogenomic distinctiveness of the Isthmo-Colombian area,"Cell 184 (7), 1706-1723 (2021)",MW467798-MW467881,,PRJEB42372,1
"Derenko,M., Denisova,G., Dambueva,I., Malyarchuk,B",Mitogenomics of modern Mongolic-speaking populations,Mol Genet Genomics (2021),No Access,,,
"Di Corcia,T., Scano,G., Martinez-Labarga,C., Sarno",Uniparental Lineages from the Oldest Indigenous Population of Ecuador: The Tsachilas,"Genes (Basel) 12 (8), 1273 (2021)",MZ397809-MZ397878,,,
"Garcia,A., Nores,R., Motti,J.M.B., Pauro,M., Luisi","Ancient and modern mitogenomes from Central Argentina: new insights into population continuity, temporal depth and migration in South America",Hum Mol Genet (2021),MW886102 - MW886215,,,
"Gosling,A.L., Lord,E., Boocock,J., Cameron-Christi",A Population history of Tokelau: genetic variation and change in atoll populations,J Isl Coast Archaeol (2021),No Access,,,
"Guo,H., Yuan,Y., Liang,X.-Y., Guo,L. and Bi,R.",Co-occurrence of m.15992AG and m.15077GA is associated with a high penetrance of maternally inherited hypertension in a Chinese pedigree,Am J Hypertens (2021),MW250882,,,
"Hodgkins,J., Orr,C.M., Gravel-Miguel,C., Riel-Salv",An infant burial from Arma Veirana in northwestern Italy provides insights into funerary practices and female personhood in early Mesolithic Europe,"Sci Rep 11 (1), 23735 (2021)",accession number pending,,PRJEB43051,1
"Mizuno,F., Gojobori,J., Kumagai,M., Baba,H., Tanig",Population dynamics in the Japanese Archipelago since the Pleistocene revealed by the complete mitochondrial genome sequences,"Sci Rep 11 (1), 12018 (2021)","LC521960- LC521962, LC597326-597337",Human Genetic Variation Database: HGV0000011,,
"Modi,A., Vai,S., Posth,C., Vergata,C., Zaro,V., Di",More data on ancient human mitogenome variability in Italy: new mitochondrial genome sequences from three Upper Palaeolithic burials,"Ann Hum Biol 48 (3), 213-222 (2021)",MW209008-MW209010,,,
"Rahman,Z.U., Tian,J.Y., Gao,Z.L., Wang,H.T., Xia,W",Complete mitogenomes document substantial genetic contribution from the Eurasian Steppe into northern Pakistani Indo-Iranian speakers,"Eur J Hum Genet 29 (6), 1008-1018 (2021)",MN595684–MN595896,,,
"Silva,M., Oteo-Garcia,G., Martiniano,R., Guimaraes","Biomolecular insights into North African-related ancestry, mobility and diet in eleventh-century Al-Andalus",Sci Rep 11 (1) (2021),MZ920249 - MZ921390,,PRJEB47085,1
"Sun,X.F., Wen,S.Q., Lu,C.Q., Zhou,B.Y., Curnoe,D.,",Ancient DNA and multimethod dating confirm the late arrival of anatomically modern humans in southern China,Proc Natl Acad Sci U S A 118 (8) (2021),"MH671321-MH671328,MN308088-MN308089",,,
"Zaidieh,T., Smith,J.R., Ball,K.E. and An,Q.",Mitochondrial DNA abnormalities provide mechanistic insight and predict reactive oxygen species-stimulating drug efficacy,"BMC Cancer 21 (1), 427 (2021)",MW344639-MW344643,,,
"Zong-Sian,C., Jean,T., Jun-Hun,L., Ying-Hui,L., Ji",Mitochondrial DNA Diversity of the Nangan Islanders Living in the Mazu Archipelago of the Taiwan Strait,"Edelweiss J Biomed Res Rev 3, 25-27 (2021)",No Access,,,
"Bianco,E., Laval,G., Font-Porterias,N., Garcia-Fer","Recent common origin, reduced population size, and marked admixture have shaped European Roma genomes",Mol. Biol. Evol. (2020),N/A,,,
"Davidovic,S., Malyarchuk,B., Grzybowski,T., Aleksi",Complete mitogenome data for the Serbian population: the contribution to high-quality forensic databases,Int. J. Legal Med. (2020),N/A,,,
"Delgado,M., Rodriguez,F., Kassadjikova,K. and Fehr",A paleogenetic perspective of the Sabana de Bogota (Northern South America) population history over the Holocene (9000-550 cal BP),Quat Int (2020),N/A,,,
"Dryomov,S.V., Starikovskaya,E.B., Nazhmidenova,A.M",Genetic legacy of cultures indigenous to the Northeast Asian coast in mitochondrial genomes of nearly extinct maritime tribes,"BMC Evol. Biol. 20 (1), 83 (2020)","MG660751-MG660801, MH807322-MH807374",,,
"Ferragut,J.F., Ramon,C., Castro,J.A., Amorim,A., A",Middle eastern genetic legacy in the paternal and maternal gene pools of Chuetas,"Sci Rep 10 (1), 21428 (2020)",MW122996-MW123000,,,
"Furtwaengler,A., Rohrlach,A., Lamnidis,T., Papac,L",Ancient genomes reveal social and genetic structure of Late Neolithic Switzerland,Nat Commun (2020),N/A,,,
"Garcia,O., Alonso,S., Huber,N., Bodner,M. and Pars",Forensically relevant phylogeographic evaluation of mitogenome variation in the Basque Country,"Forensic Sci Int Genet 46, 102260 (2020)","MN046411-MN046587, GQ888723",EMPOP: EMP00756,,
"Girolimetti,G., Marchio,L., De Leo,A., Mangiarelli",Mitochondrial DNA analysis efficiently contributes to the identification of metastatic contralateral breast cancers,J Cancer Res Clin Oncol (2020),MW172442-MW172501,,,
"Guevara,E.K., Palo,J.U., Oversti,S., King,J.L., Se",Genetic assessment reveals no population substructure and divergent regional and sex-specific histories in the Chachapoyas from northeast Peru,"PLoS One 15 (12), e0244497 (2020)",MN857248–MN857411,,,
"Habbane,M., Llobet,L., Bayona-Bafaluy,M.P., Barcen",Leigh Syndrome in a Pedigree Harboring the m.1555A>G Mutation in the Mitochondrial 12S rRNA,"Genes (Basel) 11 (9), E1007 (2020)",MT734693,,,
"Hublin,J.-J., Sirakov,N., Aldeias,V., Bailey,S., B","Initial Upper Palaeolithic Homo sapiens from Bacho Kiro Cave, Bulgaria","Nature 581 (7808), 299-302 (2020)",MN706602–MN706607,,PRJEB35466,1
"Kutanan,W., Shoocongdej,R., Srikummool,M., Hubner,",Cultural variation impacts paternal and maternal genetic lineages of the Hmong-Mien and Sino-Tibetan groups from Thailand,Eur. J. Hum. Genet. (2020),MT418943–MT419358,,PRJEB36639,1
"Li,M., DeRosa,K.L., Mann,H., Spathis,R., Roome,A.,",Recent kuru-induced female gene flow disrupted the coevolution of genes and languages in the Papua New Guinea highlands,Am. J. Phys. Anthropol. (2020),N/A,,,
"Lopez-Gallardo,E., Cammarata-Scalisi,F., Emperador",Mitochondrial DNA pathogenic mutations in multiple symmetric lipomatosis,"Clin. Genet. 97 (5), 731-735 (2020)",N/A,,,
"Mizuno,F., Taniguchi,Y., Kondo,O., Hayashi,M., Kur","A study of 8,300-year-old Jomon human remains in Japan using complete mitogenome sequences obtained by next-generation sequencing","Ann. Hum. Biol., 1-5 (2020)",No Access,,,
"Modi,A., Catalano,G., D'Amore,G., Di Marco,S., Lar",Paleogenetic and morphometric analysis of a Mesolithic individual from Grotta d'Oriente: An oldest genetic legacy for the first modern humans in Sicily,"Quat Sci Rev 248, 106603 (2020)",MT340980,,,
"Modi,A., Lancioni,H., Cardinali,I., Capodiferro,M.",The mitogenome portrait of Umbria in Central Italy as depicted by contemporary inhabitants and pre-Roman remains,"Sci Rep 10 (1), 10700 (2020)",MN686759-MN687105,EMPOP:  EMP00827 ,,
"Modi,A., Pisaneschi,L., Zaro,V., Vai,S., Vergata,C",Combined methodologies for gaining much information from ancient dental calculus: testing experimental strategies for simultaneously analyzing DNA and food residues,"Archaeol Anthropol Sci 12, 10 (2020)",No Access,,,
"Patell,V.M., Pasha,N., Krishnasamy,K., Mittal,B., ","The First complete Zoroastrian-Parsi Mitochondria Reference Genome: Implications of mitochondrial signatures in an endogamous, non-smoking population",bioRxiv (2020),MT506242–MT506346,SRA: SRR11888826-SRR11888922,,
"Pedro,N., Brucato,N., Fernandes,V., Andre,M., Saag",Papuan mitochondrial genomes and the settlement of Sahul,J. Hum. Genet. (2020),MN849490–MN849868,,,
"Pratas,D., Toppinen,M., Pyoria,L., Hedman,K., Saja",A hybrid pipeline for reconstruction and analysis of viral genomes at multi-organ level,Gigascience (2020),MT682520-MT682522,,PRJNA644600,1
"Taylor,C.R., Kiesler,K.M., Sturk-Andreaggi,K., Rin",Platinum-quality mitogenome haplotypes from United States populations,"Genes Basel 11, 1290 (2020)",N/A,,,
"Ur Rahman,Z., Li,Y.-C., Tian,J.-Y. and Kong,Q.-P.",Exploring European ancestry among the Kalash population: a mitogenomic perspective,"Zool Res 41, 1-5 (2020)",N/A,,,
"Verdugo,C., Zhu,K., Kassadjikova,K., Berg,L., Fors",An investigation of ancient Maya intentional dental modification practices at Midnight Terror Cave using anthroposcopic and paleogenomic methods,"J Archaeol Sci 115, 105096 (2020)",N/A,,,
"Avila,E., Graebin,P., Chemale,G., Freitas,J., Kahm",Full mtDNA genome sequencing of Brazilian admixed populations: A forensic-focused evaluation of a MPS application as an alternative to Sanger sequencing methods,"Forensic Sci Int Genet 42, 154-164 (2019)",N/A,,,
"Brucato,N., Fernandes,V., Kusuma,P., Cerny,V., Mul",Evidence of Austronesian genetic lineages in East Africa and South Arabia: complex dispersal from Madagascar and Southeast Asia,Genome Biol Evol (2019),MK128798–MK128899,European Genome-phenome Archive: GAS00001003425,,
"Chan,E.K.F., Timmermann,A., Baldi,B.F., Moore,A.E.",Human origins in a southern African palaeo-wetland and first migrations,"Nature 575, 185-189 (2019)",MK248274–MK248471,,,
"Derenko,M., Denisova,G., Malyarchuk,B., Hovhannisy","Insights into matrilineal genetic structure, differentiation and ancestry of Armenians based on complete mitogenome data",Mol. Genet. Genomics (2019),N/A,,,
"Dryomov,S.V., Nazhmidenova,A.M., Starikovskaya,E.B",Mitochondrial Genome Diversity in the Central Siberian Plateau with Particular Reference to Prehistory of Northernmost Eurasia,bioRxivorg (2019),Applicable,,,
"Dulias,K., Birch,S., Wilson,J.F., Justeau,P., Gand","Maternal relationships within an Iron Age burial at the High Pasture Cave, Isle of Skye, Scotland","J. Archaeol. Sci. 110, 104978 (2019)",N/A,,,
"Fregel,R., Ordonez,A.C., Santana-Cabrera,J., Cabre",Mitogenomes illuminate the origin and migration patterns of the indigenous people of the Canary Islands,"PLoS ONE 14 (3), e0209125 (2019)",N/A,,,
"Gonzalez-Fortes,G., Tassi,F., Trucchi,E., Henneber",A western route of prehistoric human migration from Africa into the Iberian Peninsula,"Proc. Biol. Sci. 286 (1895), 20182288 (2019)",MK321329-MK321345,,PRJEB29189,1
"Ji,Q., Cheng,X., Ding,Y., Geng,H., Zhao,Y., Liu,G.",Association of mitochondrial DNA mutations with Chinese esophageal squamous cell carcinomas (ESCC) by analyzing the whole mitochondrial DNA genomes,"Mitochondrial DNA B Resour 4 (1), 2071-2075 (2019)",MK069558-MK069579,,,
"Keatley,K., Stromei-Cleroux,S., Wiltshire,T., Raja","Integrated Approach Reveals Role of Mitochondrial Germ-Line Mutation F18L in Respiratory Chain, Oxidative Alterations, Drug Sensitivity, and Patient Prognosis in Glioblastoma","Int J Mol Sci 20 (13), E3364 (2019)",N/A,,,
"Kiiskila,J., Moilanen,J.S., Kytovuori,L., Niemi,A.",Analysis of functional variants in mitochondrial DNA of Finnish athletes,"BMC Genomics 20 (1), 784 (2019)",MN516554-MN516694,,,
"Klunk,J., Duggan,A.T., Redfern,R., Gamble,J., Bold",Genetic resiliency and the Black Death: No apparent loss of mitogenomic diversity due to the Black Death in medieval London and Denmark,Am. J. Phys. Anthropol. (2019),No Access,,,
"Lombardo,D., Modi,A., Vergata,C., Caramelli,D., Pa",MicroCT and genetic analysis of a rare case of Caffey's disease in a 5-7 month old girl,Int J Osteoarchaeol (2019),N/A,,,
"Lyu,Y., Xu,M., Chen,J., Ji,Y., Guan,M.X. and Zhang",Frequency and spectrum of MT-TT variants associated with Leber's hereditary optic neuropathy in a Chinese cohort of subjects,"Mitochondrial DNA B Resour 4 (2), 2266-2280 (2019)",MK795825-MK795844,,,
"Modi,A., Nesheva,D., Sarno,S., Vai,S., Karachanak-",Ancient human mitochondrial genomes from Bronze Age Bulgaria: new insights into the genetic history of Thracians,"Sci Rep 9 (1), 5412 (2019)",MH605025-MH605049,,,
"Oversti,S., Majander,K., Salmela,E., Salo,K., Arpp",Human mitochondrial DNA lineages in Iron-Age Fennoscandia suggest incipient admixture and eastern introduction of farming-related maternal ancestry,Sci Rep (2019),MN540463-MN540565,,,
"Rusu,I., Modi,A., Radu,C., Mircea,C., Vulpoi,A., D",Mitochondrial ancestry of medieval individuals carelessly interred in a multiple burial from southeastern Romania,"Sci Rep 9 (1), 961 (2019)",MH298069-MH298074,,,
"Starikovskaya,E., Shalaurova,S., Dryomov,S., Nazhm",Mitochondrial DNA Variation of Leber's Hereditary Optic Neuropathy in Western Siberia,"Cells 8 (12), 1574 (2019)",MN413201–MN413242,,,
"Sylvester,C., Krishna,M.S., Rao,J.S. and Chandrase",Maternal genetic link of a south Dravidian tribe with native Iranians indicating bidirectional migration,"Ann. Hum. Biol., 1-6 (2019)",No Access,,,
"Sylvester,C., Rao,J.S., Chandrasekar,A. and Krishn",An Updated Phylogeny of mtDNA Haplogroup R8 Based on Complete Mitogenomes,"J Anthropol Surv India 68 (1), 114-122 (2019)",MH499931,,,
"Vai,S., Sarno,S., Lari,M., Luiselli,D., Manzi,G., ",Ancestral mitochondrial N lineage from the Neolithic 'green' Sahara,Sci Rep (2019),N/A,,,
"Wood,M.R., Sturk-Andreaggi,K., Ring,J.D., Huber,N.",Resolving mitochondrial haplogroups B2 and B4 with next-generation mitogenome sequencing to distinguish Native American from Asian haplotypes,"Forensic Sci Int Genet 43, 102143 (2019)",MK860625-MK860680,,,
"Zhao,D., Ding,Y., Lin,H., Chen,X., Shen,W., Gao,M.",Mitochondrial haplogroups N9 and G are associated with metabolic syndrome among HIV-infected patients in China,AIDS Res. Hum. Retroviruses (2019),No Access,,,
"Bedford,F.L.",Does mitochondrial DNA T2e1 reflect traces of Judaism on the down-low?,J. Hum. Genet. (2018),N/A,,,
"Brucato,N., Fernandes,V., Mazieres,S., Kusuma,P., ",The Comoros Show the Earliest Austronesian Gene Flow into the Swahili Corridor,"Am. J. Hum. Genet. 102 (1), 58-68 (2018)",MF695863–MF696138,European Genome-phenome Archive: S00001002565 and S00001002569,,
"Cabrera,V.M., Marrero,P., Abu-Amero,K.K. and Larru","Carriers of mitochondrial DNA macrohaplogroup L3 basic lineages migrated back to Africa from Asia around 70,000 years ago",BMC Evol. Biol. (2018),MF621062-MF621130,,,
"Caporali,L., Iommarini,L., La Morgia,C., Olivieri,",Peculiar combinations of individually non-pathogenic missense mitochondrial DNA variants cause low penetrance Leber's hereditary optic neuropathy,PLoS Genet. (2018),N/A,,,
"Duong,N.T., Macholdt,E., Ton,N.D., Arias,L., Schro",Complete human mtDNA genome sequences from Vietnam and the phylogeography of Mainland Southeast Asia,"Sci Rep 8 (1), 11651 (2018)",MH448947-MH449555,,,
"Emery,M.V., Duggan,A.T., Murchie,T.J., Stark,R.J.,",Ancient Roman mitochondrial genomes and isotopes reveal relationships and geographic origins at the local and pan-Mediterranean scales,"J. Archaeol. Sci. 20, 200-209 (2018)",MG773610–MG773654,,,
"Fregel,R., Mendez,F.L., Bokbot,Y., Martin-Socas,D.",Ancient genomes from North Africa evidence prehistoric migrations to the Maghreb from both the Levant and Europe,Proc. Natl. Acad. Sci. U.S.A. (2018),MF991431–MF991448,,PRJEB22699,1
"Hudjashov,G., Endicott,P., Post,H., Nagle,N., Ho,S",Investigating the origins of eastern Polynesians using genome-wide data from the Leeward Society Isles,"Sci Rep 8 (1), 1823 (2018)",MG244202–MG244226,,PRJEB22729,1
"Juras,A., Chylenski,M., Ehler,E., Malmstrom,H., Zu",Mitochondrial genomes reveal an east to west cline of steppe ancestry in Corded Ware populations,"Sci Rep 8 (1), 11603 (2018)",MH176332,,,
"Kutanan,W., Kampuansai,J., Brunelli,A., Ghirotto,S",New insights from Thailand into the maternal genetic history of Mainland Southeast Asia,Eur. J. Hum. Genet. (2018),MG272576-MG273135,,,
"Kutanan,W., Kampuansai,J., Changmai,P., Flegontov,",Contrasting maternal and paternal genetic variation of hunter-gatherer groups in Thailand,"Sci Rep 8 (1), 1536 (2018)",MG672483-MG672511,,,
"Lopez-Gallardo,E., Emperador,S., Hernandez-Ainsa,C",Food derived respiratory complex I inhibitors modify the effect of Leber hereditary optic neuropathy mutations,"Food Chem. Toxicol. 120, 89-97 (2018)",N/A,,,
"Loreille,O.","Biological sexing of a 4,000 year-old Egyptian mummy head to assess the potential of nuclear DNA recovery from the most damaged and limited forensic specimens",Genes (Basel) (2018),MG736653,,,
"Malyarchuk,B., Derenko,M., Denisova,G., Litvinov,A",Whole mitochondrial genome diversity in two Hungarian populations,Mol. Genet. Genomics (2018),No Access,,,
"Matisoo-Smith,E., Gosling,A.L., Platt,D., Kardails","Ancient mitogenomes of Phoenicians from Sardinia and Lebanon: A story of settlement, integration, and female mobility","PLoS ONE 13 (1), e0190169 (2018)",KY797250-KY797264,,SRA: SRP123440,
"Mittnik,A., Wang,C.-C., Pfrengle,S., Daubaras,M., ",The Genetic Prehistory of the Baltic Sea Region,Nat Commun (2018),MG428993–MG429049,,SRA: SAMN08139261–SAMN08139301,
"Oliveira,S., Fehn,A.M., Aco,T., Lages,F., Gaya-Vid",Matriclans shape populations: Insights from the Angolan Namib Desert into the maternal genetic history of southern Africa,Am. J. Phys. Anthropol. (2018),No Access,,,
"Rusu,I., Modi,A., Vai,S., Pilli,E., Mircea,C., Rad",Maternal DNA lineages at the gate of Europe in the 10th century AD,"PLoS ONE 13 (3), e0193578 (2018)",MF320129-MF320142 and MF597774-MF597782,,,
"Saldana-Martinez,A., Munoz,M.L., Perez-Ramirez,G.,",Whole sequence of the mitochondrial DNA genome of Kearns Sayre Syndrome patients: Identification of deletions and variants,"Gene 688, 171-181 (2018)",N/A,,,
"Simao,F., Strobl,C., Vullo,C., Catelli,L., Machado",The maternal inheritance of Alto Parana revealed by full mitogenome sequences,"Forensic Sci Int Genet 39, 66-72 (2018)",MH981823 - MH981927,,,
"Skonieczna,K., Malyarchuk,B., Jawien,A., Marszalek",Mitogenomic differences between the normal and tumour cells of colorectal cancer patients,Hum. Mutat. (2018),No Access,,,
"Strobbe,D., Caporali,L., Iommarini,L., Maresca,A.,",Haplogroup J mitogenomes are the most sensitive to the pesticide rotenone: Relevance for human diseases,Neurobiol. Dis. (2018),N/A,,,
"Sylvester,C., Krishna,M.S., Rao,J.S. and Chandrase",Neolithic phylogenetic continuity inferred from complete mitochondrial DNA sequences in a tribal population of Southern India,"Genetica 146 (4-5), 383-389 (2018)",No Access,,,
"Vai,S., Brunelli,A., Modi,A., Tassi,F., Vergata,C.",A genetic perspective on Longobard-Era migrations,bioRxivorg (2018),MG182446–MG182470 and MG182472–MG182533,,,
"Wright,J.L., Wasef,S., Heupink,T.H., Westaway,M.C.",Ancient nuclear genomes enable repatriation of Indigenous human remains,"Sci Adv 4 (12), eaau5064 (2018)",MK165665-MK165690,,,
"Zalloua,P., Collins,C.J., Gosling,A., Biagini,S.A.",Ancient DNA of Phoenician remains indicates discontinuity in the settlement history of Ibiza,"Sci Rep 8 (1), 17567 (2018)",Available in Table 1,,,
"Arias,L., Barbieri,C., Barreto,G., Stoneking,M. an","High-resolution mitochondrial DNA analysis sheds light on human diversity, cultural interactions, and population mobility in Northwestern Amazonia",Am. J. Phys. Anthropol. (2017),No Access,,,
"Bedford,F.L.",Does mitochondrial DNA T2e1 reflect traces of Judaism on the down-low?,J. Hum. Genet. (2017),Book,,,
"Brandini,S., Bergamaschi,P., Cerna,M.F., Gandini,F",The Paleo-Indian Entry into South America According to Mitogenomes,Mol. Biol. Evol. (2017),KY680794–KY681016,,,
"Chylenski,M., Juras,A., Ehler,E., Malmstrom,H., Pi",Late Danubian mitochondrial genomes shed light into the Neolithisation of Central Europe in the 5th millennium BC,"BMC Evol. Biol. 17 (1), 80 (2017)",KY091894-KY091898,,,
"Derenko,M., Denisova,G., Malyarchuk,B., Dambueva,I",Mitogenomic diversity and differentiation of the Buryats,J. Hum. Genet. (2017),MF043424-MF043520,,,
"Douka,K., Slon,V., Stringer,C., Potts,R., Hubner,A",Direct radiocarbon dating and DNA analysis of the Darra-i-Kur (Afghanistan) human temporal bone,"J. Hum. Evol. 107, 86-93 (2017)",KX638446,,PRJNA335708,1
"Duggan,A.T., Harris,A.J.T., Marciniak,S., Marshall","Genetic Discontinuity between the Maritime Archaic and Beothuk Populations in Newfoundland, Canada","Curr. Biol. 27 (20), 3149-3156 (2017)",MF588794–MF588867,,,
"Fehren-Schmitz,L., Jarman,C.L., Harkins,K.M., Kays",Genetic Ancestry of Rapanui before and after European Contact,Curr. Biol. (2017),MF681702-MF681706,,PRJEB22217,1
"Jarviaho,T., Hurme-Niiranen,A., Soini,H.K., Niinim",Novel non-neutral mitochondrial DNA mutations found in childhood acute lymphoblastic leukemia,Clin. Genet. (2017),No Access,,,
"Juras,A., Krzewinska,M., Nikitin,A.G., Ehler,E., C",Diverse origin of mitochondrial lineages in Iron Age Black Sea Scythians,"Sci Rep 7, 43950 (2017)",KX977302-KX977320,,,
"Knipper,C., Mittnik,A., Massy,K., Kociumaka,C., Ku",Female exogamy and gene pool diversification at the transition from the Final Neolithic to the Early Bronze Age in central Europe,"Proc. Natl. Acad. Sci. U.S.A. 114 (38), 10083-10088 (2017)",MF498658–MF498737,,,
"Larruga,J.M., Marrero,P., Abu-Amero,K.K., Golubenk",Carriers of mitochondrial DNA macrohaplogroup R colonized Eurasia and Australasia from a southeast Asia core area,"BMC Evol. Biol. 17 (1), 115 (2017)",KY411439-KY411495,,,
"Li,H., Bi,R., Fan,Y., Wu,Y., Tang,Y., Li,Z., He,Y.",mtDNA Heteroplasmy in Monozygotic Twins Discordant for Schizophrenia,"Mol. Neurobiol. 54 (6), 4343-4352 (2017)",No Access,,,
"Malyarchuk,B., Litvinov,A., Derenko,M., Skonieczna",Mitogenomic diversity in Russians and Poles,"Forensic Sci Int Genet 30, 51-56 (2017)",KY670838-KY671126 and KY782150-KY782249,,,
"Marchi,N., Hegay,T., Mennecier,P., Georges,M., Lau",Sex-specific genetic diversity is shaped by cultural factors in Inner Asian human populations,Am. J. Phys. Anthropol. (2017),No Access,,,
"Margaryan,A., Derenko,M., Hovhannisyan,H., Malyarc",Eight millennia of matrilineal genetic continuity in the South Caucasus,Curr. Biol. (2017),MF362692–MF362949,,,
"Margaryan,A., Derenko,M., Hovhannisyan,H., Malyarc",Eight Millennia of Matrilineal Genetic Continuity in the South Caucasus,"Curr. Biol. 27 (13), 2023-2028 (2017)",,,,
"McGeehan,R.E., Cockram,L.A., Littlewood,D.T.J., Ke",Deep sequencing reveals the mitochondrial DNA variation landscapes of breast-to-brain metastasis blood samples,"Mitochondrial DNA A DNA Mapp Seq Anal, 1-11 (2017)",,,,
"Mizuno,F., Kumagai,M., Kurosaki,K., Hayashi,M., Su","Imputation approach for deducing a complete mitogenome sequence from low-depth-coverage next-generation sequencing data: application to ancient remains from the Moon Pyramid, Mexico","J. Hum. Genet. 62 (6), 631-635 (2017)",,,,
"Nagle,N., van Oven,M., Wilcox,S., van Holst Pellek",Aboriginal Australian mitochondrial genome variation - an increased understanding of population antiquity and diversity,"Sci Rep 7, 43041 (2017)",,,,
"Neparaczki,E., Kocsy,K., Toth,G.E., Maroti,Z., Kal",Revising mtDNA haplotypes of the ancient Hungarian conquerors with next generation sequencing,"PLoS ONE 12 (4), E0174886 (2017)",,,,
"Nikitin,A.G., Potekhina,I., Rohland,N., Mallick,S.",Mitochondrial DNA analysis of eneolithic trypillians from Ukraine reveals neolithic farming genetic roots,"PLoS ONE 12 (2), E0172952 (2017)",,,,
"Olivieri,A., Sidore,C., Achilli,A., Angius,A., Pos",Mitogenome Diversity in Sardinians: a Genetic Window onto an Island's Past,Mol. Biol. Evol. (2017),,,,
"Pereira,J.B., Costa,M.D., Pala,M., Bamford,L., Har",Reconciling analyses of ancient and contemporary genomes: A major source for the European Neolithic within Mediterranean Europe,Proc. Biol. Sci. (2017),,,,
"Pierron,D., Heiske,M., Razafindrazaka,H., Rakoto,I",Genomic landscape of human diversity across Madagascar,Proc. Natl. Acad. Sci. U.S.A. (2017),,,,
"Pignataro,D., Francia,S., Zanetta,F., Brenna,G., B",A missense MT-ND5 mutation in differentiated Parkinson Disease cytoplasmic hybrid induces ROS-dependent DNA Damage Response amplified by DROSHA,"Sci Rep 7 (1), 9528 (2017)",,,,
"Sahakyan,H., Hooshiar Kashani,B., Tamang,R., Kushn",Origin and spread of human mitochondrial DNA haplogroup U7,"Sci Rep 7, 46044 (2017)",,,,
"Silva,M., Oliveira,M., Vieira,D., Brandao,A., Rito",A genetic chronology for the Indian Subcontinent points to heavily sex-biased dispersals,"BMC Evol. Biol. 17 (1), 88 (2017)",,,,
"Soini,H.K., Vaisanen,A., Karppa,M., Hinttala,R., K",A novel MTTT mutation m.15933G > A revealed in analysis of mitochondrial DNA in patients with suspected mitochondrial disease,"BMC Med. Genet. 18 (1), 14 (2017)",,,,
"Ancora,M., Orsini,M., Colosimo,A., Marcacci,M., Ru",Complete sequence of human mitochondrial DNA obtained by combining multiple displacement amplification and next-generation sequencing on a single oocyte,"Mitochondrial DNA A DNA MappSeq Anal, 1-2 (2016)",,,,
"Barral-Arca,R., Pischedda,S., Gomez-Carballa,A., P",Meta-Analysis of Mitochondrial DNA Variation in the Iberian Peninsula,"PLoS ONE 11 (7), E0159735 (2016)",,,,
"Brandao,A., Eng,K.K., Rito,T., Cavadas,B., Bulbeck",Quantifying the legacy of the Chinese Neolithic on the maternal genetic heritage of Taiwan and Island Southeast Asia,"Hum. Genet. 135 (4), 363-376 (2016)",,,,
"Coia,V., Cipollini,G., Anagnostou,P., Maixner,F., ",Whole mitochondrial DNA sequencing in Alpine populations and the genetic history of the Neolithic Tyrolean Iceman,"Sci Rep 6, 18932 (2016)",,,,
"Figueiro,G., Cabrera Perez,L., Lindo,J., Mallott,E","Analisis del genoma mitocondrial de dos individuos inhumados en el sitio arqueologico CG14E01 Isla Larga (Rocha, Uruguay)","Rev Argent Antropol Biol 19 (1), 17 (2016)",,,,
"Guo,L., Yuan,Y. and Bi,R.",Mitochondrial DNA mutation m.5512A > G in the acceptor-stem of mitochondrial tRNA causing maternally inherited essential hypertension,Biochem. Biophys. Res. Commun. (2016),,,,
"Heupink,T.H., Subramanian,S., Wright,J.L., Endicot",Ancient mtDNA sequences from the First Australians revisited,"Proc. Natl. Acad. Sci. U.S.A. 113 (25), 6892-6897 (2016)",,,,
"Hofmanova,Z., Kreutzer,S., Hellenthal,G., Sell,C.,",Early farmers from across Europe directly descended from Neolithic Aegeans,"bioRxivorg, 032763 (2016)",,,,
"Kang,L., Zheng,H.X., Zhang,M., Yan,S., Li,L., Liu,",MtDNA analysis reveals enriched pathogenic mutations in Tibetan highlanders,"Sci Rep 6, 31083 (2016)",,,,
"Komiyama,T., Ogura,A., Hirokawa,T., Zhijing,M., Ka",Analysis to Estimate Genetic Variations in the Idarubicin-Resistant Derivative MOLT-3,"Int J Mol Sci 18 (1), E12 (2016)",,,,
"Kutanan,W., Kampuansai,J., Srikummool,M., Kangwanp",Complete mitochondrial genomes of Thai and Lao populations indicate an ancient origin of Austroasiatic groups and demic diffusion in the spread of Tai-Kadai languages,Hum. Genet. (2016),,,,
"Marrero,P., Abu-Amero,K., Larruga,J.M. and Cabrera",Carriers of human mitochondrial DNA macrohaplogroup M colonized India from southeastern Asia,"bioRxivorg, 047456 (2016)",,,,
"Matisoo-Smith,E.A., Gosling,A.L., Boocock,J., Kard","A European Mitochondrial Haplotype Identified in Ancient Phoenician Remains from Carthage, North Africa","PLoS ONE 11 (5), E0155046 (2016)",,,,
"McCrow,J.P., Petersen,D.C., Louw,M., Chan,E.K., Ha",Spectrum of mitochondrial genomic variation and associated clinical presentation of prostate cancer in South African men,"Prostate 76 (4), 349-358 (2016)",,,,
"Pankratov,V.V., Litvinov,S.S., Kassian,A.A., Shulh",East Eurasian ancestry in the middle of Europe: genetic footprints of Steppe nomads in the genomes of Belarusian Lipka Tatars,"Sci Rep 6, 30197 (2016)",,,,
"Soares,P.A., Trejaut,J.A., Rito,T., Cavadas,B., Hi",Resolving the ancestry of Austronesian-speaking populations,"Hum. Genet. 135 (3), 309-326 (2016)",,,,
"Vyas,D.N., Kitchen,A., Miro-Herrans,A.T., Pearson,",Bayesian analyses of Yemeni mitochondrial genomes suggest multiple migration events with Africa and Western Eurasia,"Am. J. Phys. Anthropol. 159 (3), 382-393 (2016)",,,,
"Yacobi,D. and Bedford,F.L.",Evidence of early gene flow between Ashkenazi Jews and non-Jewish Europeans in mitochondrial DNA haplogroup H7,"J Genet Geneal 8 (1), 21-34 (2016)",,,,
"Yamada,M., Emmanuele,V., Sanchez-Quintero,M.J., Su",Genetic Drift Can Compromise Mitochondrial Replacement by Nuclear Transfer in Human Oocytes,Cell Stem Cell (2016),,,,
"Barcaccia,G., Galla,G., Achilli,A., Olivieri,A. an",Uncovering the sources of DNA found on the Turin Shroud,"Sci Rep 5, 14484 (2015)",,,,
"Benazzi,S., Slon,V., Talamo,S., Negrino,F., Peresa",The makers of the Protoaurignacian and implications for Neandertal extinction,Science (2015),,,,
"Bhandari,S., Zhang,X., Cui,C., Bianba, Liao,S., Pe",Genetic evidence of a recent Tibetan ancestry to Sherpas in the Himalayan region,"Sci Rep 5, 16249 (2015)",,,,
"Chan,E.K., Hardie,R.A., Petersen,D.C., Beeson,K., ",Revised timeline and distribution of the earliest diverged human maternal lineages in southern Africa,"PLoS ONE 10 (3), E0121223 (2015)",,,,
"De Fanti,S., Barbieri,C., Sarno,S., Sevini,F., Via",Fine Dissection of Human Mitochondrial DNA Haplogroup HV Lineages Reveals Paleolithic Signatures from European Glacial Refugia,"PLoS ONE 10 (12), E0144391 (2015)",,,,
"Dryomov,S.V., Nazhmidenova,A.M., Shalaurova,S.A., ",Mitochondrial genome diversity at the Bering Strait area highlights prehistoric human migrations from Siberia to northern North America,Eur. J. Hum. Genet. (2015),,,,
"Fehren-Schmitz,L., Llamas,B., Lindauer,S., Tomasto",A Re-Appraisal of the Early Andean Human Remains from Lauricocha in Peru,"PLoS ONE 10 (6), E0127141 (2015)",,,,
"Fernandes,V., Triska,P., Pereira,J.B., Alshamali,F",Genetic stratigraphy of key demographic events in arabia,"PLoS ONE 10 (3), E0118625 (2015)",,,,
"Fregel,R., Cabrera,V., Larruga,J.M., Abu-Amero,K.K","Carriers of Mitochondrial DNA Macrohaplogroup N Lineages Reached Australia around 50,000 Years Ago following a Northern Asian Route","PLoS ONE 10 (6), E0129839 (2015)",,,,
"Gomes,S.M., Bodner,M., Souto,L., Zimmermann,B., Hu",Human settlement history between Sunda and Sahul: a focus on East Timor (Timor-Leste) and the Pleistocenic mtDNA diversity,"BMC Genomics 16, 70 (2015)",,,,
"Gomes,V., Pala,M., Salas,A., Alvarez-Iglesias,V., ",Mosaic maternal ancestry in the Great Lakes region of East Africa,Hum. Genet. (2015),,,,
"Heinz,T., Cardenas,J.M., Alvarez-Iglesias,V., Pard",The Genomic Legacy of the Transatlantic Slave Trade in the Yungas Valley of Bolivia,"PLoS ONE 10 (8), E0134129 (2015)",,,,
"Hernandez,C.L., Soares,P., Dugoujon,J.M., Novellet",Early Holocenic and Historic mtDNA African Signatures in the Iberian Peninsula: The Andalusian Region as a Paradigm,"PLoS ONE 10 (10), E0139784 (2015)",,,,
"Kloss-Brandstatter,A., Weissensteiner,H., Erhart,G",Validation of Next-Generation Sequencing of Entire Mitochondrial Genomes and the Diversity of Mitochondrial DNA Mutations in Oral Squamous Cell Carcinoma,"PLoS ONE 10 (8), E0135643 (2015)",,,,
"Lang,M., Vocke,C.D., Merino,M.J., Schmidt,L.S. and",Mitochondrial DNA mutations distinguish bilateral multifocal renal oncocytomas from familial Birt-Hogg-Dube tumors,Mod. Pathol. (2015),,,,
"Lee,E.J. and Merriwether,D.A.",Identification of Whole Mitochondrial Genomes from Venezuela and Implications on Regional Phylogenies in South America,"Hum. Biol. 87 (1), 29-38 (2015)",,,,
"Li,Y.C., Wang,H.W., Tian,J.Y., Liu,L.N., Yang,L.Q.",Ancient inland human dispersals from Myanmar into interior East Asia since the Late Pleistocene,"Sci Rep 5, 9473 (2015)",,,,
"Lloyd,R.E., Keatley,K., Littlewood,D.T., Meunier,B",Identification and functional prediction of mitochondrial complex III and IV mutations associated with glioblastoma,"Neuro-oncology 17 (7), 942-952 (2015)",,,,
"Motti,J.M.B., Hagelberg,E., Lindo,J., Malhi,R.S., ","Primer genoma mitocondrial en restos humanos de la costa de Santa Cruz, Argentina","Magallania (Punta Arenas) 43 (2), 119-131 (2015)",,,,
"Palanichamy,M.G., Mitra,B., Zhang,C.L., Debnath,M.",West Eurasian mtDNA lineages in India: an insight into the spread of the Dravidian language and the origins of the caste system,Hum. Genet. (2015),,,,
"Protasova,M., Grigorenko,A., Tyazhelova,T., Andree",Whole-genome sequencing identifies a novel ABCB7 gene mutation for X-linked congenital cerebellar ataxia in a large family of Mongolian ancestry,Eur. J. Hum. Genet. (2015),,,,
"Sans,M., Figueiro,G., Hughes,C.E., Lindo,J., Hidal","A South American Prehistoric Mitogenome: Context, Continuity, and the Origin of Haplogroup C1d","PLoS ONE 10 (10), E0141808 (2015)",,,,
"Sequeira,A., Rollins,B., Magnan,C., van Oven,M., B",Mitochondrial mutations in subjects with psychiatric disorders,"PLoS ONE 10 (5), E0127280 (2015)",,,,
"Silva,M., Alshamali,F., Silva,P., Carrilho,C., Man","60,000 years of interactions between Central and Eastern Africa documented by major African mitochondrial haplogroup L2","Sci Rep 5, 12526 (2015)",,,,
"Skonieczna,K., Malyarchuk,B., Jawien,A., Marszalek",Heteroplasmic substitutions in the entire mitochondrial genomes of human colon cells detected by ultra-deep 454 sequencing,"Forensic Sci Int Genet 15, 16-20 (2015)",,,,
"Sochtig,J., Alvarez-Iglesias,V., Mosquera-Miguel,A",Genomic insights on the ethno-history of the Maya and the 'Ladinos' from Guatemala,"BMC Genomics 16 (1), 131 (2015)",,,,
"Tackney,J.C., Potter,B.A., Raff,J., Powers,M., Wat",Two contemporaneous mitogenomes from terminal Pleistocene burials in eastern Beringia,Proc. Natl. Acad. Sci. U.S.A. (2015),,,,
"Tian,J.Y., Wang,H.W., Li,Y.C., Zhang,W., Yao,Y.G.,",A genetic contribution from the Far East into Ashkenazi Jews via the ancient Silk Road,"Sci Rep 5, 8377 (2015)",,,,
"Barbieri,C., Vicente,M., Oliveira,S., Bostoen,K., ",Migration and Interaction in a Contact Zone: mtDNA Variation among Bantu-Speakers in Southern Africa,"PLoS ONE 9 (6), E99117 (2014)",,,,
"Bi,R., Zhang,W., Yu,D., Li,X., Wang,H.Z., Hu,Q.X.,",Mitochondrial DNA haplogroup B5 confers genetic susceptibility to Alzheimer's disease in Han Chinese,Neurobiol. Aging (2014),,,,
"Bodner,M., Iuvaro,A., Strobl,C., Nagl,S., Huber,G.","Helena, the hidden beauty: Resolving the most common West Eurasian mtDNA control region haplotype by massively parallel sequencing an Italian population sample",Forensic Sci Int Genet (2014),,,,
"Brook,K.A., Kull,L., Levin,A.J., Canada,R.A., Gree",The Genetics of Crimean Karaites,"Kardeniz Arast 42, 69-84 (2014)",,,,
"Carossa,V., Ghelli,A., Tropeano,C.V., Valentino,M.",A novel in-frame 18-bp microdeletion in MT-CYB causes a multisystem disorder with prominent exercise intolerance,"Hum. Mutat. 35 (8), 954-958 (2014)",,,,
"Davidovic,S., Malyarchuk,B., Aleksic,J.M., Derenko",Mitochondrial DNA perspective of Serbian genetic diversity,Am. J. Phys. Anthropol. (2014),,,,
"Derenko,M., Malyarchuk,B., Denisova,G., Perkova,M.",Western Eurasian ancestry in modern Siberians based on mitogenomic data,"BMC Evol. Biol. 14 (1), 217 (2014)",,,,
"Duggan,A.T., Evans,B., Friedlaender,F.R., Friedlae",Maternal History of Oceania from Complete mtDNA Genomes: Contrasting Ancient Diversity with Recent Homogenization Due to the Austronesian Expansion,"Am. J. Hum. Genet. 94 (5), 721-733 (2014)",,,,
"Fregel,R., Seetah,K., Betancor,E., Suarez,N.M., Ca",Multiple ethnic origins of mitochondrial DNA lineages for the population of mauritius,"PLoS ONE 9 (3), E93294 (2014)",,,,
"Gianoarli,L., Luiselli,D., Crivello,A.M., Lang,M.,",Mitogenomes of polar bodies and corresponding oocytes,"PLoS ONE 9 (7), E102182 (2014)",,,,
"Jiang,C., Cui,J., Liu,F., Gao,L., Luo,Y., Li,P., G",Mitochondrial DNA 10609T Promotes Hypoxia-Induced Increase of Intracellular ROS and Is a Risk Factor of High Altitude Polycythemia,"PLoS ONE 9 (1), E87775 (2014)",,,,
"Just,R.S., Scheible,M.K., Fast,S.A., Sturk-Andreag",Full mtGenome reference data: Development and characterization of 588 forensic-quality haplotypes representing three U.S. populations,"Forensic Sci Int Genet 14C, 141-155 (2014)",,,,
"King,T.E., Gonzales Fortes,G., Balaresque,P., Thom",Identification of the remains of King Richard III,"Nat Commun 5, 5631 (2014)",,,,
"Ko,A.M., Chen,C.Y., Fu,Q., Delfin,F., Li,M., Chiu,",Early austronesians: into and out of Taiwan,"Am. J. Hum. Genet. 94 (3), 426-436 (2014)",,,,
"Kovacevic,L., Tambets,K., Ilumae,A.M., Kushniarevi",Standing at the gateway to europe - the genetic structure of Western balkan populations based on autosomal and haploid markers,"PLoS ONE 9 (8), E105090 (2014)",,,,
"La Morgia,C., Caporali,L., Gandini,F., Olivieri,A.",Association of the mtDNA m.4171C>A/MT-ND1 mutation with both optic neuropathy and bilateral brainstem lesions,"BMC Neurol 14 (1), 116 (2014)",,,,
"Lippold,S., Xu,H., Ko,A., Li,M., Renaud,G., Buttho",Human paternal and maternal demographic histories: insights from high-resolution Y chromosome and mtDNA sequences,"Investig Genet 5, 13 (2014)",,,,
"Loo,J.H., Trejaut,J.A., Yen,J.C., Chen,Z.S., Ng,W.",Mitochondrial DNA association study of type 2 diabetes with or without ischemic stroke in Taiwan,"BMC Res Notes 7, 223 (2014)",,,,
"Lopez-Gallardo,E., Emperador,S., Solano,A., Llobet",Expanding the clinical phenotypes of MT-ATP6 mutations,Hum. Mol. Genet. (2014),,,,
"Morris,A.G., Heinze,A., Chan,E.K., Smith,A.B. and ",First ancient mitochondrial human genome from a prepastoralist southern african,"Genome Biol Evol 6 (10), 2647-2653 (2014)",,,,
"Palanichamy,M.G., Mitra,B., Debnath,M., Agrawal,S.",Tamil merchant in ancient mesopotamia,"PLoS ONE 9 (10), E109331 (2014)",,,,
"Pardinas,A.F., Martinez,J.L., Roca,A., Garcia-Vazq",Over the sands and far away: Interpreting an Iberian mitochondrial lineage with ancient Western African origins,Am. J. Hum. Biol. (2014),,,,
"Raule,N., Sevini,F., Li,S., Barbieri,A., Tallaro,F","The co-occurrence of mtDNA mutations on different oxidative phosphorylation subunits, not detected by haplogroup analysis, affects human longevity and is population specific","Aging Cell 13 (3), 401-407 (2014)",,,,
"Rieux,A., Eriksson,A., Li,M., Sobkowiak,B., Weiner",Improved calibration of the human mitochondrial clock using ancient genomes,"Mol. Biol. Evol. 31 (10), 2780-2792 (2014)",,,,
"Sarac,J., Saric,T., Augustin,D.H., Jeran,N., Kovac","Maternal genetic heritage of southeastern europe reveals a new croatian isolate and a novel, local sub-branching in the x2 haplogroup","Ann. Hum. Genet. 78 (3), 178-194 (2014)",,,,
"Secher,B., Fregel,R., Larruga,J.M., Cabrera,V.M., ","The history of the North African mitochondrial DNA haplogroup U6 gene flow into the African, Eurasian and American continents","BMC Evol. Biol. 14, 109 (2014)",,,,
"Summerer,M., Horst,J., Erhart,G., Weissensteiner,H",Large-scale mitochondrial DNA analysis in Southeast Asia reveals evolutionary effects of cultural isolation in the multi-ethnic population of Myanmar,"BMC Evol. Biol. 14 (1), 17 (2014)",,,,
"Achilli,A., Perego,U.A., Lancioni,H., Olivieri,A.,",Reconciling migration models to the Americas with the variation of North American native mitogenomes,"Proc. Natl. Acad. Sci. U.S.A. 110 (35), 14308-14313 (2013)",,,,
"Barbieri,C., Guldemann,T., Naumann,C., Gerlach,L.,",Unraveling the complex maternal history of Southern African Khoisan populations,Am. J. Phys. Anthropol. (2013),,,,
"Barbieri,C., Vicente,M., Rocha,J., Mpoloka,S.W., S",Ancient substructure in early mtDNA lineages of southern Africa,"Am. J. Hum. Genet. 92 (2), 285-292 (2013)",,,,
"Bedford,F.L., Yacobi,D., Felix,G. and Garza,F.M.",Clarifying Mitochondrial DNA subclades of T2e from Mideast to Mexico,"J Phylogenetics Evol Biol 1 (4), 1-8 (2013)",,,,
"Bedford,F.L., Yacobi,D., Felix,G. and Garza,F.M.",DNA subclades of T2e from Mideast to Mexico,"J Phylogenetics Evol Biol 1 (4), 1-8 (2013)",,,,
"Bedford,F.L., Yacobi,D., Felix,G., Rendon,C., Garz",DNA subclades of T2e from Mideast to Mexico,J Genet Study (2013),,,,
"Bedford,F.L., Yacobi,D., Felix,G., Rendon,C., Garz",DNA subclades of T2e from Mideast to Mexico,J Phylogenetics Evol Biol (2013),,,,
"Bollongino,R., Nehlich,O., Richards,M.P., Orschied",2000 years of parallel societies in Stone Age Central Europe,"Science 342 (6157), 479-481 (2013)",,,,
"Brotherton,P., Haak,W., Templeton,J., Brandt,G., S",Neolithic mitochondrial haplogroup H genomes and the genetic origins of Europeans,"Nat Commun 4, 1764 (2013)",,,,
"Caporali,L., Ghelli,A.M., Iommarini,L., Maresca,A.",Cybrid studies establish the causal link between the mtDNA m.3890G>A/MT-ND1 mutation and optic atrophy with bilateral brainstem lesions,"Biochim. Biophys. Acta 1832 (3), 445-452 (2013)",,,,
"Cardoso,S., Valverde,L., Alfonso-Sanchez,M.A., Pal",The Expanded mtDNA Phylogeny of the Franco-Cantabrian Region Upholds the Pre-Neolithic Genetic Substrate of Basques,"PLoS ONE 8 (7), E67835 (2013)",,,,
"Collins,D.W., Gudiseva,H.V., Trachtman,B.T., Jerre",Mitochondrial sequence variation in african-american primary open-angle glaucoma patients,"PLoS ONE 8 (10), E76627 (2013)",,,,
"Costa,M.D., Pereira,J.B., Pala,M., Fernandes,V., O",A substantial prehistoric European ancestry amongst Ashkenazi maternal lineages,"Nat Commun 4, 2543 (2013)",,,,
"Cui,Y., Lindo,J., Hughes,C.E., Johnson,J.W., Herna",Ancient DNA analysis of mid-holocene individuals from the northwest coast of north america reveals different evolutionary paths for mitogenomes,"PLoS ONE 8 (7), E66948 (2013)",,,,
"Delfin,F., Min-Shan Ko,A., Li,M., Gunnarsdottir,E.",Complete mtDNA genomes of Filipino ethnolinguistic groups: a melting pot of recent and ancient lineages in the Asia-Pacific region,Eur. J. Hum. Genet. (2013),,,,
"Derenko,M., Malyarchuk,B., Bahmanimehr,A., Denisov",Complete mitochondrial DNA diversity in iranians,"PLoS ONE 8 (11), E80673 (2013)",,,,
"Duggan,A.T. and Stoneking,M.",A Highly Unstable Recent Mutation in Human mtDNA,"Am. J. Hum. Genet. 92 (2), 279-284 (2013)",,,,
"Duggan,A.T., Whitten,M., Wiebe,V., Crawford,M., Bu",Investigating the Prehistory of Tungusic Peoples of Siberia and the Amur-Ussuri Region with Complete mtDNA Genome Sequences and Y-chromosomal Markers,"PLoS ONE 8 (12), E83570 (2013)",,,,
"Fang,Y., Huang,J., Zhang,J., Wang,J., Qiao,F., Che",Detecting the somatic mutations spectrum of Chinese lung cancer by analyzing the whole mitochondrial DNA genomes,Mitochondrial DNA (2013),,,,
"Fedorova,S.A., Reidla,M., Metspalu,E., Metspalu,M.",Autosomal and uniparental portraits of the native populations of Sakha (Yakutia): implications for the peopling of Northeast Eurasia,"BMC Evol. Biol. 13 (1), 127 (2013)",,,,
"Fu,Q., Meyer,M., Gao,X., Stenzel,U., Burbano,H.A.,","DNA analysis of an early modern human from Tianyuan Cave, China","Proc. Natl. Acad. Sci. U.S.A. 110 (6), 2223-2227 (2013)",,,,
"Fu,Q., Mittnik,A., Johnson,P.L., Bos,K., Lari,M., ",A revised timescale for human evolution based on ancient mitochondrial genomes,"Curr. Biol. 23 (7), 553-559 (2013)",,,,
"Gomez-Carballa,A., Pardo-Seco,J., Fachal,L., Vega,",Indian signatures in the westernmost edge of the European romani diaspora: new insight from mitogenomes,"PLoS ONE 8 (10), E75397 (2013)",,,,
"Kang,L., Zheng,H.X., Chen,F., Yan,S., Liu,K., Qin,",mtDNA Lineage Expansions in Sherpa Population Suggest Adaptive Evolution in Tibetan Highlands,"Mol. Biol. Evol. 30 (12), 2579-2587 (2013)",,,,
"Khan,N.A., Govindaraj,P., Jyothi,V., Meena,A.K. an",Co-occurrence of m.1555A>G and m.11778G>A mitochondrial DNA mutations in two Indian families with strikingly different clinical penetrance of Leber hereditary optic neuropathy,"Mol. Vis. 19, 1282-1289 (2013)",,,,
"Kushniarevich,A., Sivitskaya,L., Danilenko,N., Nov",Uniparental genetic heritage of belarusians: encounter of rare middle eastern matrilineages with a central European mitochondrial DNA pool,"PLoS ONE 8 (6), E66499 (2013)",,,,
"Mielnik-Sikorska,M., Daca,P., Malyarchuk,B., Deren",The history of slavs inferred from complete mitochondrial genome sequences,"PLoS ONE 8 (1), E54360 (2013)",,,,
"Mielnik-Sikorska,M., Daca,P., Malyarchuk,B., Deren",The history of Slavs inferred from complete mitochondrial genome sequences,"PLoS ONE 8 (1), E54360 (2013)",,,,
"Olivieri,A., Pala,M., Gandini,F., Hooshiar Kashani",Mitogenomes from Two Uncommon Haplogroups Mark Late Glacial/Postglacial Expansions from the Near East and Neolithic Dispersals within Europe,"PLoS ONE 8 (7), E70492 (2013)",,,,
"Pacheu-Grau,D., Gomez-Duran,A., Iglesias,E., Lopez",Mitochondrial antibiograms in personalized medicine,"Hum. Mol. Genet. 22 (6), 1132-1139 (2013)",,,,
"Podgorna,E., Soares,P., Pereira,L. and Cerny,V.",The genetic impact of the lake chad basin population in north Africa as documented by mitochondrial diversity and internal variation of the l3e5 haplogroup,"Ann. Hum. Genet. 77 (6), 513-523 (2013)",,,,
"Rito,T., Richards,M.B., Fernandes,V., Alshamali,F.",The First Modern Human Dispersals across Africa,"PLoS ONE 8 (11), E80031 (2013)",,,,
"Taboada-Echalar,P., Alvarez-Iglesias,V., Heinz,T.,",The genetic legacy of the pre-colonial period in contemporary bolivians,"PLoS ONE 8 (3), E58980 (2013)",,,,
"Zhang,X., Qi,X., Yang,Z., Serey,B., Sovannary,T., ",Analysis of mitochondrial genome diversity identifies new and ancient maternal lineages in Cambodian aborigines,"Nat Commun 4, 2599 (2013)",,,,
"Achilli,A., Iommarini,L., Olivieri,A., Pala,M., Ho",Rare Primary Mitochondrial DNA Mutations and Probable Synergistic Variants in Leber's Hereditary Optic Neuropathy,"PLoS ONE 7 (8), E42242 (2012)",,,,
"Al-Abri,A., Podgorna,E., Rose,J.I., Pereira,L., Mu",Pleistocene-Holocene boundary in Southern Arabia from the perspective of human mtDNA variation,Am. J. Phys. Anthropol. (2012),,,,
"Barbieri,C., Whitten,M., Beyer,K., Schreiber,H., L",Contrasting maternal and paternal histories in the linguistic context of burkina faso,"Mol. Biol. Evol. 29 (4), 1213-1223 (2012)",,,,
"Bedford,F.L.",Sephardic signature in haplogroup T mitochondrial DNA,"Eur. J. Hum. Genet. 20 (4), 441-448 (2012)",,,,
"Behar,D.M., Harmant,C., Manry,J., van Oven,M., Haa",The Basque Paradigm: Genetic Evidence of a Maternal Continuity in the Franco-Cantabrian Region since Pre-Neolithic Times,"Am. J. Hum. Genet. 90 (3), 486-493 (2012)",,,,
"Behar,D.M., van Oven,M., Rosset,S., Metspalu,M., L",A 'Copernican' reassessment of the human mitochondrial DNA tree from its root,"Am. J. Hum. Genet. 90 (4), 675-684 (2012)",,,,
"Bi,R., Zhang,A.M., Jia,X., Zhang,Q. and Yao,Y.G.",Complete mitochondrial DNA genome sequence variation of Chinese families with mutation m.3635G>A and Leber hereditary optic neuropathy,"Mol. Vis. 18, 3087-3094 (2012)",,,,
"Bodner,M., Perego,U.A., Huber,G., Fendt,L., Rock,A",Rapid coastal spread of First Americans: Novel insights from South America's Southern Cone mitochondrial genomes,"Genome Res. 22 (5), 811-820 (2012)",,,,
"Cardoso,S., Alfonso-Sanchez,M.A., Valverde,L., San",Genetic uniqueness of the Waorani tribe from the Ecuadorian Amazon,"Heredity (Edinb) 108 (6), 609-615 (2012)",,,,
"Cerezo,M., Achilli,A., Olivieri,A., Perego,U.A., G",Reconstructing ancient mitochondrial DNA links between Africa and Europe,"Genome Res. 22 (5), 821-826 (2012)",,,,
"de Saint Pierre,M., Gandini,F., Perego,U.A., Bodne",Arrival of paleo-indians to the southern cone of South america: new clues from mitogenomes,"PLoS ONE 7 (12), E51311 (2012)",,,,
"Derenko,M., Malyarchuk,B., Denisova,G., Perkova,M.",Complete mitochondrial DNA analysis of eastern eurasian haplogroups rarely found in populations of northern Asia and eastern europe,"PLoS ONE 7 (2), E32179 (2012)",,,,
"Desquiret-Dumas,V., Gueguen,N., Barth,M., Chevroll",Metabolically induced heteroplasmy shifting and l-arginine treatment reduce the energetic defect in a neuronal-like model of MELAS,"Biochim. Biophys. Acta 1822 (6), 1019-1029 (2012)",,,,
"Fernandes,V., Alshamali,F., Alves,M., Costa,M.D., ",The Arabian cradle: mitochondrial relicts of the first steps along the southern route out of Africa,"Am. J. Hum. Genet. 90 (2), 347-355 (2012)",,,,
"Fu,Q., Rudan,P., Paabo,S. and Krause,J.",Complete mitochondrial genomes reveal neolithic expansion into europe,"PLoS ONE 7 (3), E32473 (2012)",,,,
"Guo,H., Zhuang,X.Y., Zhang,A.M., Zhang,W., Yuan,Y.",Presence of mutation m.14484T>C in a Chinese family with maternally inherited essential hypertension but no expression of LHON,"Biochim. Biophys. Acta 1822 (10), 1535-1543 (2012)",,,,
"Hooshiar Kashani,B., Perego,U.A., Olivieri,A., Ang",Mitochondrial haplogroup C4c: a rare lineage entering America through the ice-free corridor?,"Am. J. Phys. Anthropol. 147 (1), 35-39 (2012)",,,,
"Ji,F., Sharpley,M.S., Derbeneva,O., Alves,L.S., Qi",Mitochondrial DNA variant associated with Leber hereditary optic neuropathy and high-altitude Tibetans,"Proc. Natl. Acad. Sci. U.S.A. 109 (19), 7391-7396 (2012)",,,,
"Jinam,T.A., Hong,L.C., Phipps,M.E., Stoneking,M., ",Evolutionary history of continental southeast asians: 'early train' hypothesis based on genetic analysis of mitochondrial and autosomal DNA data,"Mol. Biol. Evol. 29 (11), 3513-3527 (2012)",,,,
"Knapp,M., Horsburgh,K.A., Prost,S., Stanton,J.A., ",Complete mitochondrial DNA genome sequences from the first New Zealanders,"Proc. Natl. Acad. Sci. U.S.A. 109 (45), 18350-18354 (2012)",,,,
"Liu,J., Wang,L.D., Sun,Y.B., Li,E.M., Xu,L.Y., Zha",Deciphering the signature of selective constraints on cancerous mitochondrial genome,"Mol. Biol. Evol. 29 (4), 1255-1261 (2012)",,,,
"Pala,M., Olivieri,A., Achilli,A., Accetturo,M., Me",Mitochondrial DNA signals of late glacial recolonization of europe from near eastern refugia,"Am. J. Hum. Genet. 90 (5), 915-924 (2012)",,,,
"Pennarun,E., Kivisild,T., Metspalu,E., Metspalu,M.",Divorcing the Late Upper Palaeolithic demographic histories of mtDNA haplogroups M1 and U6 in Africa,"BMC Evol. Biol. 12 (1), 234 (2012)",,,,
"Perego,U.A., Lancioni,H., Tribaldos,M., Angerhofer",Decrypting the mitochondrial gene pool of modern panamanians,"PLoS ONE 7 (6), E38337 (2012)",,,,
"Sanchez-Quinto,F., Schroeder,H., Ramirez,O., Avila","Genomic affinities of two 7,000-year-old iberian hunter-gatherers","Curr. Biol. 22 (16), 1494-1499 (2012)",,,,
"Sans,M., Figueiro,G. and Hidalgo,P.C.","A new mitochondrial c1 lineage from the prehistory of uruguay: population genocide, ethnocide, and continuity","Hum. Biol. 84 (3), 287-305 (2012)",,,,
"Sharma,G., Tamang,R., Chaudhary,R., Singh,V.K., Sh",Genetic affinities of the central Indian tribal populations,"PLoS ONE 7 (2), E32546 (2012)",,,,
"Soares,P., Alshamali,F., Pereira,J.B., Fernandes,V",The Expansion of mtDNA Haplogroup L3 within and out of Africa,"Mol. Biol. Evol. 29 (3), 915-927 (2012)",,,,
"Soini,H.K., Moilanen,J.S., Finnila,S. and Majamaa,",Mitochondrial DNA sequence variation in Finnish patients with matrilineal diabetes mellitus,"BMC Res Notes 5 (1), 350 (2012)",,,,
"Sukernik,R.I., Volodko,N.V., Mazunin,I.O., Eltsov,","Mitochondrial genome diversity in the Tubalar, Even, and Ulchi: contribution to prehistory of native Siberians and their affinities to Native Americans","Am. J. Phys. Anthropol. 148 (1), 123-138 (2012)",,,,
"van der Walt,E.M., Smuts,I., Taylor,R.W., Elson,J.",Characterization of mtDNA variation in a cohort of South African paediatric patients with mitochondrial disease,"Eur. J. Hum. Genet. 20 (6), 650-656 (2012)",,,,
"Wang,C.Y. and Zhao,Z.B.",Somatic mtDNA mutations in lung tissues of pesticide-exposed fruit growers,"Toxicology 291 (1-3), 51-55 (2012)",,,,
"Yang,X., Wang,X., Yao,H., Deng,J., Jiang,Q., Guo,Y",Mitochondrial DNA polymorphisms are associated with the longevity in the Guangxi Bama population of China,"Mol. Biol. Rep. 39 (9), 9123-9131 (2012)",,,,
"Zhang,A.M., Jia,X., Guo,X., Zhang,Q. and Yao,Y.G.",Mitochondrial DNA mutation m.10680G > A is associated with Leber hereditary optic neuropathy in Chinese patients,"J Transl Med 10, 43 (2012)",,,,
"Achilli,A., Olivieri,A., Pala,M., Hooshiar Kashani",Mitochondrial DNA backgrounds might modulate diabetes complications rather than T2DM as a whole,"PLoS ONE 6 (6), E21029 (2011)",,,,
"Al-Zahery,N., Pala,M., Battaglia,V., Grugni,V., Ha",In search of the genetic footprints of Sumerians: a survey of Y-chromosome and mtDNA variation in the Marsh Arabs of Iraq,"BMC Evol. Biol. 11, 288 (2011)",,,,
"Batini,C., Lopes,J., Behar,D.M., Calafell,F., Jord",Insights into the demographic history of african pygmies from complete mitochondrial genomes,"Mol. Biol. Evol. 28 (2), 1099-1110 (2011)",,,,
"Bedford,F.L.",Sephardic signature in haplogroup T mitochondrial DNA,Eur. J. Hum. Genet. (2011),,,,
"Bi,R., Li,W.L., Chen,M.Q., Zhu,Z. and Yao,Y.G.",Rapid identification of mtDNA somatic mutations in gastric cancer tissues based on the mtDNA phylogeny,"Mutat. Res. 709-710, 15-20 (2011)",,,,
"Catelli,M.L., Alvarez-Iglesias,V., Gomez-Carballa,",The impact of modern migrations on present-day multi-ethnic Argentina as recorded on the mitochondrial DNA genome,"BMC Genet. 12, 77 (2011)",,,,
"Cerny,V., Mulligan,C.J., Fernandes,V., Silva,N.M.,",Internal diversification of mitochondrial haplogroup r0a reveals post-last glacial maximum demographic expansions in South arabia,"Mol. Biol. Evol. 28 (1), 71-78 (2011)",,,,
"Elango,S., Govindaraj,P., Vishwanadha,V.P., Reddy,",Analysis of mitochondrial genome revealed a rare 50 bp deletion and substitutions in a family with hypertension,"Mitochondrion 11 (6), 878-885 (2011)",,,,
"Garcia,O., Fregel,R., Larruga,J.M., Alvarez,V., Yu",Using mitochondrial DNA to test the hypothesis of a European post-glacial human recolonization from the Franco-Cantabrian refuge,"Heredity 106 (1), 37-45 (2011)",,,,
"Gomez-Carballa,A., Cerezo,M., Balboa,E., Heredia,C",Evolutionary analyses of entire genomes do not support the association of mtDNA mutations with Ras/MAPK pathway syndromes,"PLoS ONE 6 (4), E18348 (2011)",,,,
"Govindaraj,P., Khan,N.A., Gopalakrishna,P., Chandr",Mitochondrial dysfunction and genetic heterogeneity in chronic periodontitis,"Mitochondrion 11 (3), 504-512 (2011)",,,,
"Gunnarsdottir,E.D., Li,M., Bauchet,M., Finstermeie",High-throughput sequencing of complete human mtDNA genomes from the Philippines,"Genome Res. 21 (1), 1-11 (2011)",,,,
"Gunnarsdottir,E.D., Nandineni,M.R., Li,M., Myles,S",Larger mitochondrial DNA than Y-chromosome differences between matrilocal and patrilocal groups from Sumatra,"Nat Commun 2, 228 (2011)",,,,
"Kong,Q.P., Sun,C., Wang,H.W., Zhao,M., Wang,W.Z., ",Large-Scale mtDNA Screening Reveals a Surprising Matrilineal Complexity in East Asia and Its Implications to the Peopling of the Region,"Mol. Biol. Evol. 28 (1), 513-522 (2011)",,,,
"Kumar,S., Bellis,C., Zlojutro,M., Melton,P.E., Bla",Large scale mitochondrial sequencing in Mexican Americans suggests a reappraisal of Native American origins,"BMC Evol. Biol. 11 (1), 293 (2011)",,,,
"Loo,J.H., Trejaut,J.A., Yen,J.C., Chen,Z.S., Lee,C",Genetic affinities between the Yami tribe people of Orchid Island and the Philippine Islanders of the Batanes archipelago,"BMC Genet. 12, 21 (2011)",,,,
"Musilova,E., Fernandes,V., Silva,N.M., Soares,P., ",Population history of the Red Sea--genetic exchanges between the Arabian Peninsula and East Africa signaled in the mitochondrial DNA HV1 haplogroup,"Am. J. Phys. Anthropol. 145 (4), 592-598 (2011)",,,,
"Peng,M.S., He,J.D., Liu,H.X. and Zhang,Y.P.",Tracing the legacy of the early Hainan Islanders - a perspective from mitochondrial DNA,"BMC Evol. Biol. 11, 46 (2011)",,,,
"Peng,M.S., Palanichamy,M.G., Yao,Y.G., Mitra,B., C",Inland post-glacial dispersal in East Asia revealed by mitochondrial haplogroup M9a'b,"BMC Biol. 9 (1), 2 (2011)",,,,
"Peng,M.S., Palanichamy,M.G., Yao,Y.G., Mitra,B., C",Inland post-glacial dispersal in East Asia revealed by mitochondrial haplogroup M9a'b,"BMC Biol. 9, 2 (2011)",,,,
"Perli,E., Giordano,C., Tuppen,H.A., Montopoli,M., ",Isoleucyl-tRNA synthetase levels modulate the penetrance of a homoplasmic m.4277T>C mitochondrial tRNAIle mutation causing hypertrophic cardiomyopathy,Hum. Mol. Genet. (2011),,,,
"Pope,A.M., Carr,S.M., Smith,K.N. and Marshall,H.D.",Mitogenomic and microsatellite variation in descendants of the founder population of Newfoundland: high genetic diversity in an historically isolated population,"Genome 54 (2), 110-119 (2011)",,,,
"Reiff,D.M., Spathis,R., Chan,C.W., Vilar,M.G., San",Inherited and somatic mitochondrial DNA mutations in Guam amyotrophic lateral sclerosis and parkinsonism-dementia,"Neurol. Sci. 32 (5), 883-892 (2011)",,,,
"Schoenberg,A., Theunert,C., Li,M., Stoneking,M. an",High-throughput sequencing of complete human mtDNA genomes from the Caucasus and West Asia: high diversity and demographic inferences,Eur. J. Hum. Genet. (2011),,,,
"Scholes,C., Siddle,K., Ducourneau,A., Crivellaro,F",Genetic diversity and evidence for population admixture in Batak Negritos from Palawan,"Am. J. Phys. Anthropol. 146 (1), 62-72 (2011)",,,,
"Seoane,M., Mosquera-Miguel,A., Gonzalez,T., Fraga,",The Mitochondrial Genome Is a 'Genetic Sanctuary' during the Oncogenic Process,"PLoS ONE 6 (8), E23327 (2011)",,,,
"Soares,P., Rito,T., Trejaut,J.A., Mormina,M., Hill",Ancient voyaging and polynesian origins,"Am. J. Hum. Genet. 88 (2), 239-247 (2011)",,,,
"Verny,C., Guegen,N., Desquiret,V., Chevrollier,A.,",Hereditary spastic paraplegia-like disorder due to a mitochondrial ATP6 gene point mutation,"Mitochondrion 11 (1), 70-75 (2011)",,,,
"Wang,C.Y., Li,H., Hao,X.D., Liu,J., Wang,J.X., Wan",Uncovering the profile of somatic mtDNA mutations in Chinese colorectal cancer patients,"PLoS ONE 6 (6), E21613 (2011)",,,,
"Wang,H.W., Mitra,B., Chaudhuri,T.K., Palanichamy,M",Mitochondrial DNA evidence supports northeast Indian origin of the aboriginal Andamanese in the Late Paleolithic,"J Genet Genomics 38 (3), 117-122 (2011)",,,,
"Zhang,A.M., Bandelt,H.J., Jia,X., Zhang,W., Li,S.,",Is Mitochondrial tRNA Variant m.593T>C a Synergistically Pathogenic Mutation in Chinese LHON Families with m.11778G>A?,"PLoS ONE 6 (10), E26511 (2011)",,,,
"Zhang,A.M., Jia,X., Bi,R., Salas,A., Li,S., Xiao,X","Mitochondrial DNA haplogroup background affects LHON, but not suspected LHON, in chinese patients","PLoS ONE 6 (11), E27750 (2011)",,,,
"Bi,R., Zhang,A.M., Zhang,W., Kong,Q.P., Wu,B.L., Y",The acquisition of an inheritable 50-bp deletion in the human mtDNA control region does not affect the mtDNA copy number in peripheral blood cells,"Hum. Mutat. 31 (5), 538-543 (2010)",,,,
"D'Aurelio,M., Vives-Bauza,C., Davidson,M.M. and Ma",Mitochondrial DNA background modifies the bioenergetics of NARP/MILS ATP6 mutant cells,"Hum. Mol. Genet. 19 (2), 374-386 (2010)",,,,
"Derenko,M., Malyarchuk,B., Grzybowski,T., Denisova",Origin and post-glacial dispersal of mitochondrial DNA haplogroups C and D in northern Asia,"PLoS ONE 5 (12), E15214 (2010)",,,,
"Fendt,L., Niederstatter,H., Huber,G., Zelger,B., D",Accumulation of mutations over the entire mitochondrial genome of breast cancer cells obtained by tissue microdissection,Breast Cancer Res. Treat. (2010),,,,
"Gil Borlado,M.C., Moreno Lastres,D., Gonzalez Hoyu",Impact of the mitochondrial genetic background in complex III deficiency,"PLoS ONE 5 (9), E12801 (2010)",,,,
"Gomez-Duran,A., Pacheu-Grau,D., Lopez-Gallardo,E.,",Unmasking the causes of multifactorial disorders: OXPHOS differences between mitochondrial haplogroups,"Hum. Mol. Genet. 19 (17), 3343-3353 (2010)",,,,
"Guillet,V., Chevrollier,A., Cassereau,J., Letourne",Ethambutol-induced optic neuropathy linked to OPA1 mutation and mitochondrial toxicity,"Mitochondrion 10 (2), 115-124 (2010)",,,,
"Harich,N., Costa,M.D., Fernandes,V., Kandil,M., Pe",The trans-Saharan slave trade - clues from interpolation analyses and high-resolution characterization of mitochondrial DNA lineages,"BMC Evol. Biol. 10, 138 (2010)",,,,
"Kloss-Brandstatter,A., Schafer,G., Erhart,G., Hutt",Somatic mutations throughout the entire mitochondrial genome are associated with elevated PSA levels in prostate cancer patients,"Am. J. Hum. Genet. 87 (6), 802-812 (2010)",,,,
"Malhi,R.S., Cybulski,J.S., Tito,R.Y., Johnson,J., ",Brief communication: Mitochondrial haplotype C4c confirmed as a founding genome in the Americas,"Am. J. Phys. Anthropol. 141 (3), 494-497 (2010)",,,,
"Malyarchuk,B., Derenko,M., Denisova,G. and Kravtso",Mitogenomic diversity in tatars from the volga-ural region of Russia,"Mol. Biol. Evol. 27 (10), 2220-2226 (2010)",,,,
"Malyarchuk,B., Derenko,M., Grzybowski,T., Perkova,",The peopling of Europe from the mitochondrial haplogroup U5 perspective,"PLoS ONE 5 (4), E10285 (2010)",,,,
"Nohira,C., Maruyama,S. and Minaguchi,K.",Phylogenetic classification of Japanese mtDNA assisted by complete mitochondrial DNA sequences,"Int. J. Legal Med. 124 (1), 7-12 (2010)",,,,
"Ottoni,C., Primativo,G., Hooshiar Kashani,B., Achi",Mitochondrial haplogroup H1 in north Africa: an early holocene arrival from Iberia,"PLoS ONE 5 (10), E13378 (2010)",,,,
"Palanichamy,M.G., Zhang,C.L., Mitra,B., Malyarchuk","Mitochondrial haplogroup N1a phylogeography, with implication to the origin of European farmers","BMC Evol. Biol. 10 (1), 304 (2010)",,,,
"Peng,M.S., Quang,H.H., Dang,K.P., Trieu,A.V., Wang",Tracing the austronesian footprint in mainland southeast Asia: a perspective from mitochondrial DNA,"Mol. Biol. Evol. 27 (10), 2417-2430 (2010)",,,,
"Perego,U.A., Angerhofer,N., Pala,M., Olivieri,A., ",The initial peopling of the Americas: a growing number of founding mitochondrial genomes from Beringia,"Genome Res. 20 (9), 1174-1179 (2010)",,,,
"Pereira,L., Cerny,V., Cerezo,M., Silva,N.M., Hajek",Linking the sub-Saharan and West Eurasian gene pools: maternal and paternal heritage of the Tuareg nomads from the African Sahel,"Eur. J. Hum. Genet. 18 (8), 915-923 (2010)",,,,
"Pereira,L., Silva,N.M., Franco-Duarte,R., Fernande",Population expansion in the North African Late Pleistocene signalled by mitochondrial DNA haplogroup U6,"BMC Evol. Biol. 10 (1), 390 (2010)",,,,
"Pichler,I., Fuchsberger,C., Platzer,C., Caliskan,M",Drawing the history of the Hutterite population on a genetic landscape: inference from Y-chromosome and mtDNA genotypes,"Eur. J. Hum. Genet. 18 (4), 463-470 (2010)",,,,
"Pike,D.A., Barton,T.J., Bauer,S.L. and Kipp,E.",mtDNA Haplogroup T Phylogeny Based on Full Mitochondrial Sequences,"J Genet Geneal 6 (1), 1-24 (2010)",,,,
"Rani,D.S., Dhandapany,P.S., Nallari,P., Govindaraj",Mitochondrial DNA haplogroup 'R' is associated with Noonan syndrome of South India,"Mitochondrion 10 (2), 166-173 (2010)",,,,
"Santoro,A., Balbi,V., Balducci,E., Pirazzini,C., R",Evidence for sub-haplogroup h5 of mitochondrial DNA as a risk factor for late onset Alzheimer's disease,"PLoS ONE 5 (8), E12037 (2010)",,,,
"Tabbada,K.A., Trejaut,J., Loo,J.H., Chen,Y.M., Lin",Philippine mitochondrial DNA diversity: a populated viaduct between Taiwan and Indonesia?,"Mol. Biol. Evol. 27 (1), 21-31 (2010)",,,,
"Yu,D., Jia,X., Zhang,A.M., Guo,X., Zhang,Y.P., Zha",Molecular characterization of six Chinese families with m.3460G>A and Leber hereditary optic neuropathy,"Neurogenetics 11 (3), 349-356 (2010)",,,,
"Yu,D., Jia,X., Zhang,A.M., Li,S., Zou,Y., Zhang,Q.",Mitochondrial DNA sequence variation and haplogroup distribution in Chinese patients with LHON and m.14484T>C,"PLoS ONE 5 (10), E13426 (2010)",,,,
"Zaragoza,M.V., Brandon,M.C., Diegoli,M., Arbustini","Mitochondrial cardiomyopathies: how to identify candidate pathogenic mutations by mitochondrial DNA sequencing, MITOMASTER and phylogeny",Eur. J. Hum. Genet. (2010),,,,
"Zaragoza,M.V., Fass,J., Diegoli,M., Lin,D. and Arb",Mitochondrial DNA variant discovery and evaluation in human Cardiomyopathies through next-generation sequencing,"PLoS ONE 5 (8), E12295 (2010)",,,,
"Zou,Y., Jia,X., Zhang,A.M., Wang,W.Z., Li,S., Guo,",The MT-ND1 and MT-ND5 genes are mutational hotspots for Chinese families with clinical features of LHON but lacking the three primary mutations,"Biochem. Biophys. Res. Commun. 399 (2), 179-185 (2010)",,,,
"Zsurka,G., Hampel,K.G., Nelson,I., Jardel,C., Mira",Severe epilepsy as the major symptom of new mutations in the mitochondrial tRNA(Phe) gene,"Neurology 74 (6), 507-512 (2010)",,,,